id,url_place,title,category,address,phoneNumber,completePhoneNumber,domain,url,coor,stars,reviews,source_query
ChIJ30X3eIyVWUQRRjLFZzLL3wk,https://www.google.com/maps/place/?q=place_id:ChIJ30X3eIyVWUQRRjLFZzLL3wk,HJ Conference,Empresa de organização de eventos,"Rua Victor Sopelsa, 847-1201 - Parque de Exposicao, Concórdia - SC, 89700-000",(49) 3090-9907,+55 49 3090-9907,hjconference.com.br,https://hjconference.com.br/,"-27.2258197,-52.003338199999995",4.9,65,Organizacao de eventos corporativos em Concordia SC
ChIJVc25ZN6D45QRQITm0eYBFUQ,https://www.google.com/maps/place/?q=place_id:ChIJVc25ZN6D45QRQITm0eYBFUQ,Top Eventos,Empresa de organização de eventos,"R. Pedro Balbinot, 349 - Tamanduá, Concórdia - SC, 89700-991",(49) 99907-7701,+55 49 99907-7701,,,"-27.304151599999997,-51.997055499999995",,2,Organizacao de eventos corporativos em Concordia SC
ChIJD948ZNiB45QRhGVCyrfvnxs,https://www.google.com/maps/place/?q=place_id:ChIJD948ZNiB45QRhGVCyrfvnxs,ASSCONPP,Empresa de organização de eventos,"R. Dr. Maruri, 1204 - Sala A - Centro, Concórdia - SC, 89700-000",(49) 3442-1254,+55 49 3442-1254,assconpp.com.br,http://assconpp.com.br/,"-27.2293392,-52.0205948",5,55,Organizacao de eventos corporativos em Concordia SC
ChIJbySPMod_45QRRNMXOEQY3OU,https://www.google.com/maps/place/?q=place_id:ChIJbySPMod_45QRRNMXOEQY3OU,Adri Eventos,Organização de eventos e cerimonial,"R. Mal. Deodoro, 449 - Centro, Concórdia - SC, 89700-174",(49) 99900-4325,+55 49 99900-4325,,,"-27.2316437,-52.0221184",,9,Organizacao de eventos corporativos em Concordia SC
ChIJX2rUYDR_45QREvWdiQng1jA,https://www.google.com/maps/place/?q=place_id:ChIJX2rUYDR_45QREvWdiQng1jA,Minusculi Assessoria e Cerimonial,Assessoria e cerimonial de casamentos,"R. Claudino Pinto De Moraes, 70 - Arvoredo, Concórdia - SC, 89701-396",(49) 99979-6294,+55 49 99979-6294,,,"-27.2152939,-52.0360042",,,Organizacao de eventos corporativos em Concordia SC
ChIJ15_P4JCB45QREkStFl4NYJQ,https://www.google.com/maps/place/?q=place_id:ChIJ15_P4JCB45QREkStFl4NYJQ,Centro de Eventos Concórdia,Centro de conferências,"Centro de Eventos Concórdia - Rua Victor Sopelsa - Parque de Exposicao, Concórdia - SC, 89700-000",,,,,"-27.2261815,-52.002492399999994",4.7,84,Organizacao de eventos corporativos em Concordia SC
ChIJEYZ7GWyB45QR3VdjpiVTZ7g,https://www.google.com/maps/place/?q=place_id:ChIJEYZ7GWyB45QR3VdjpiVTZ7g,IACC Garden,Local para eventos,"R. Tancredo de Almeida Neves, 5745 - São Cristóvão, Concórdia - SC, 89711-570",(49) 3441-3600,+55 49 3441-3600,iaccgarden.com.br,https://www.iaccgarden.com.br/,"-27.223750799999998,-51.964160899999996",4.8,143,Organizacao de eventos corporativos em Concordia SC
ChIJbwOY4WR_45QREkcez5QJ6OA,https://www.google.com/maps/place/?q=place_id:ChIJbwOY4WR_45QREkcez5QJ6OA,Katine Bandeira Assessoria e Cerimonial,Organização de eventos e cerimonial,"R. Nossa Sra. de Lourdes, 1487 - Gruta, Concórdia - SC, 89700-000",(49) 99965-6131,+55 49 99965-6131,,,"-27.227393199999998,-52.0496355",,2,Organizacao de eventos corporativos em Concordia SC
ChIJ_3XzBOhk6I8RRjUNvbl0lDY,https://www.google.com/maps/place/?q=place_id:ChIJ_3XzBOhk6I8RRjUNvbl0lDY,Beehap - Play & Festa,Buffet infantil,"Rua Valentin - R. Valetin Dalla Costa, 150 - Colinas, Concórdia - SC, 89700-519",(49) 99922-5450,+55 49 99922-5450,,,"-27.2041437,-52.0178278",4.7,25,Organizacao de eventos corporativos em Concordia SC
ChIJi2IEM9iB45QRx4Q3f57YWpo,https://www.google.com/maps/place/?q=place_id:ChIJi2IEM9iB45QRx4Q3f57YWpo,Águas do Oeste Catarinense Convention & Visitors Bureau,Empresa de organização de eventos,"R. Dr. Maruri, 1474 - Centro, Concórdia - SC, 89700-156",(49) 98818-3749,+55 49 98818-3749,aguasdooestecatarinense.com.br,http://aguasdooestecatarinense.com.br/,"-27.2276375,-52.018645199999995",4.7,18,Organizacao de eventos corporativos em Concordia SC
ChIJ3Qk1FjPx45QRBd-Oka8BM64,https://www.google.com/maps/place/?q=place_id:ChIJ3Qk1FjPx45QRBd-Oka8BM64,LCL Eventos,Organização de eventos e cerimonial,"Bloco II - R. Getúlio Vargas, 2125 - Flor da Serra, Joaçaba - SC, 89600-000",(49) 3521-1241,+55 49 3521-1241,lcleventos.com.br,https://www.lcleventos.com.br/,"-27.167157399999997,-51.517706999999994",4,1,Organizacao de eventos corporativos em Concordia SC
ChIJyxTUV31_45QRaZnso80fLsU,https://www.google.com/maps/place/?q=place_id:ChIJyxTUV31_45QRaZnso80fLsU,Única Propaganda,Agência de publicidade,"R. Dr. Maruri, 1555 - Sl 01 - Centro, Concórdia - SC, 89700-158",(49) 3444-1601,+55 49 3444-1601,unicapropaganda.com,http://www.unicapropaganda.com/,"-27.226818299999998,-52.0185367",4.6,9,Organizacao de eventos corporativos em Concordia SC
ChIJZ_lkXE3l45QRwJcJALKwCow,https://www.google.com/maps/place/?q=place_id:ChIJZ_lkXE3l45QRwJcJALKwCow,Faro Eventos,Serviço de locação de artigos de festa,"R. Francisco Lindner, 510 - Centro, Joaçaba - SC, 89600-000",(49) 99143-3435,+55 49 99143-3435,faroeventos.com.br,http://faroeventos.com.br/,"-27.172449399999998,-51.504032099999996",5,93,Organizacao de eventos corporativos em Concordia SC
ChIJWZ1Wpe-D45QRuL-YJ491J2c,https://www.google.com/maps/place/?q=place_id:ChIJWZ1Wpe-D45QRuL-YJ491J2c,A Fazendinha Eventos,Salão de eventos,"SC461 - Concórdia, SC, 89700-000",(49) 99106-4922,+55 49 99106-4922,,,"-27.289966999999997,-52.0114488",4.2,12,Organizacao de eventos corporativos em Concordia SC
ChIJk_rhT1WB45QRi6keE1N87Ok,https://www.google.com/maps/place/?q=place_id:ChIJk_rhT1WB45QRi6keE1N87Ok,Villa Espaço de Festas,Local para casamentos,"R. Ernesto Lorenzeti, 100 - Parque de Exposicao, Concórdia - SC, 89711-334",(49) 99177-3774,+55 49 99177-3774,facebook.com,https://www.facebook.com/villaespacodefestas/,"-27.2257003,-52.008445699999996",4.6,91,Organizacao de eventos corporativos em Concordia SC
ChIJdQcwogp_45QR51XXU9jTl8o,https://www.google.com/maps/place/?q=place_id:ChIJdQcwogp_45QR51XXU9jTl8o,Kaifest buffet infantil,Salão de festas,"R. Leônidas Fávero, 2269 - Arvoredo, Concórdia - SC, 89701-360",(49) 98861-1107,+55 49 98861-1107,,,"-27.21006,-52.031076",4.8,25,Organizacao de eventos corporativos em Concordia SC
ChIJNT5LxoCB45QRWDgtl5QayHE,https://www.google.com/maps/place/?q=place_id:ChIJNT5LxoCB45QRWDgtl5QayHE,Residencial Restelatto,Local para eventos,"Rua Victor Sopelsa, 3200 - Parque de Exposições, Concórdia - SC, 89711-330",(49) 99945-8554,+55 49 99945-8554,residencialrestelatto.com,http://residencialrestelatto.com/?utm_source=gmb&utm_medium=referral,"-27.215632499999998,-51.9955766",5,67,Organizacao de eventos corporativos em Concordia SC
ChIJ9-53AluD45QRqGs1AQHbi2k,https://www.google.com/maps/place/?q=place_id:ChIJ9-53AluD45QRqGs1AQHbi2k,Sítio Tribo do Vale,Organização de eventos e cerimonial,"Linha Alto Suruvi, Concórdia - SC, 89700-000",(49) 98505-7373,+55 49 98505-7373,,,"-27.2566509,-51.9727044",5,13,Organizacao de eventos corporativos em Concordia SC
ChIJ3c0uG92B45QRhWLN8vyguQo,https://www.google.com/maps/place/?q=place_id:ChIJ3c0uG92B45QRhWLN8vyguQo,AGÊNCIA FLAMA,Agência de publicidade,"R. Romano Anselmo Fontana, 935 - Sl 03 - Jardim, Concórdia - SC, 89703-078",(49) 3425-9669,+55 49 3425-9669,agenciaflama.com.br,https://agenciaflama.com.br/,"-27.224889299999997,-52.029871",4.3,6,Organizacao de eventos corporativos em Concordia SC
ChIJE-5UE62B45QRnUriWsrzUp0,https://www.google.com/maps/place/?q=place_id:ChIJE-5UE62B45QRnUriWsrzUp0,AGROFARRRA,Empresa de organização de eventos,"Parque de Exposicao, Concórdia - SC, 89700-000",(49) 99915-9399,+55 49 99915-9399,agrofarrra.com.br,http://www.agrofarrra.com.br/,"-27.2262789,-52.003360099999995",,18,Organizacao de eventos corporativos em Concordia SC
ChIJ1wg--h0fnWgRMrr0bBrlufc,https://www.google.com/maps/place/?q=place_id:ChIJ1wg--h0fnWgRMrr0bBrlufc,Tequiloko's Bartender,Empresa de organização de eventos,,(49) 99972-6945,+55 49 99972-6945,,,"-26.8956722,-50.7066063",5,,Organizacao de eventos corporativos em Concordia SC
